구분,열차 번호,출발시각,도착시각,특실/우등실,일반실,유아,자유석/입석,인터넷특가(멤버십 혜택),예약 대기,정차역(경유),차량유형/편성정보,운임 요금,소요 시간,url
직통,KTX009,서울06:57,부산09:38,"예약하기
좌석선택
","예약하기
좌석선택
",-,"역발매중
","59,800원",-,-,"전동휠체어
","조회
",02:41,https://www.letskorail.com/ebizprd/EbizPrdTicketPr21111_i1.do?&txtGoAbrdDt=20250201&txtGoHour=065700&selGoYear=2025&selGoMonth=02&selGoDay=01&selGoHour=00&txtGoPage=2&txtGoStartCode=0001&txtGoStart=%EC%84%9C%EC%9A%B8&txtGoEndCode=0020&txtGoEnd=%EB%B6%80%EC%82%B0&selGoTrain=05&selGoRoom=&selGoRoom1=&txtGoTrnNo=&useSeatFlg=&useServiceFlg=&selGoSeat=&selGoService=&txtPnrNo=&hidRsvChgNo=&hidStlFlg=&radJobId=1&SeandYo=&hidRsvTpCd=03&selGoSeat1=015&selGoSeat2=&txtPsgCnt1=1&txtPsgCnt2=0&txtMenuId=11&txtPsgFlg_1=1&txtPsgFlg_2=0&txtPsgFlg_3=0&txtPsgFlg_4=0&txtPsgFlg_5=0&txtPsgFlg_8=0&chkCpn=N&txtSeatAttCd_4=015&txtSeatAttCd_3=000&txtSeatAttCd_2=000&txtGoStartCode2=&txtGoEndCode2=&hidDiscount=&hidEasyTalk=&adjcCheckYn=N
직통,무궁화호1305,서울07:16,부산13:00,-,"예약하기
좌석선택
",-,"역발매중
","28,600원",-,-,"전동휠체어
","조회
",05:44,https://www.letskorail.com/ebizprd/EbizPrdTicketPr21111_i1.do?&txtGoAbrdDt=20250201&txtGoHour=065700&selGoYear=2025&selGoMonth=02&selGoDay=01&selGoHour=00&txtGoPage=2&txtGoStartCode=0001&txtGoStart=%EC%84%9C%EC%9A%B8&txtGoEndCode=0020&txtGoEnd=%EB%B6%80%EC%82%B0&selGoTrain=05&selGoRoom=&selGoRoom1=&txtGoTrnNo=&useSeatFlg=&useServiceFlg=&selGoSeat=&selGoService=&txtPnrNo=&hidRsvChgNo=&hidStlFlg=&radJobId=1&SeandYo=&hidRsvTpCd=03&selGoSeat1=015&selGoSeat2=&txtPsgCnt1=1&txtPsgCnt2=0&txtMenuId=11&txtPsgFlg_1=1&txtPsgFlg_2=0&txtPsgFlg_3=0&txtPsgFlg_4=0&txtPsgFlg_5=0&txtPsgFlg_8=0&chkCpn=N&txtSeatAttCd_4=015&txtSeatAttCd_3=000&txtSeatAttCd_2=000&txtGoStartCode2=&txtGoEndCode2=&hidDiscount=&hidEasyTalk=&adjcCheckYn=N
직통,KTX011,서울07:27,부산10:02,"예약하기
좌석선택
","예약하기
좌석선택
",-,"역발매중
","59,800원",-,-,"전동휠체어
","조회
",02:35,https://www.letskorail.com/ebizprd/EbizPrdTicketPr21111_i1.do?&txtGoAbrdDt=20250201&txtGoHour=065700&selGoYear=2025&selGoMonth=02&selGoDay=01&selGoHour=00&txtGoPage=2&txtGoStartCode=0001&txtGoStart=%EC%84%9C%EC%9A%B8&txtGoEndCode=0020&txtGoEnd=%EB%B6%80%EC%82%B0&selGoTrain=05&selGoRoom=&selGoRoom1=&txtGoTrnNo=&useSeatFlg=&useServiceFlg=&selGoSeat=&selGoService=&txtPnrNo=&hidRsvChgNo=&hidStlFlg=&radJobId=1&SeandYo=&hidRsvTpCd=03&selGoSeat1=015&selGoSeat2=&txtPsgCnt1=1&txtPsgCnt2=0&txtMenuId=11&txtPsgFlg_1=1&txtPsgFlg_2=0&txtPsgFlg_3=0&txtPsgFlg_4=0&txtPsgFlg_5=0&txtPsgFlg_8=0&chkCpn=N&txtSeatAttCd_4=015&txtSeatAttCd_3=000&txtSeatAttCd_2=000&txtGoStartCode2=&txtGoEndCode2=&hidDiscount=&hidEasyTalk=&adjcCheckYn=N
직통,KTX013,서울07:50,부산10:25,"예약하기
좌석선택
","예약하기
좌석선택
",-,"역발매중
","59,800원",-,-,"전동휠체어
","조회
",02:35,https://www.letskorail.com/ebizprd/EbizPrdTicketPr21111_i1.do?&txtGoAbrdDt=20250201&txtGoHour=065700&selGoYear=2025&selGoMonth=02&selGoDay=01&selGoHour=00&txtGoPage=2&txtGoStartCode=0001&txtGoStart=%EC%84%9C%EC%9A%B8&txtGoEndCode=0020&txtGoEnd=%EB%B6%80%EC%82%B0&selGoTrain=05&selGoRoom=&selGoRoom1=&txtGoTrnNo=&useSeatFlg=&useServiceFlg=&selGoSeat=&selGoService=&txtPnrNo=&hidRsvChgNo=&hidStlFlg=&radJobId=1&SeandYo=&hidRsvTpCd=03&selGoSeat1=015&selGoSeat2=&txtPsgCnt1=1&txtPsgCnt2=0&txtMenuId=11&txtPsgFlg_1=1&txtPsgFlg_2=0&txtPsgFlg_3=0&txtPsgFlg_4=0&txtPsgFlg_5=0&txtPsgFlg_8=0&chkCpn=N&txtSeatAttCd_4=015&txtSeatAttCd_3=000&txtSeatAttCd_2=000&txtGoStartCode2=&txtGoEndCode2=&hidDiscount=&hidEasyTalk=&adjcCheckYn=N
직통,무궁화호1307,서울07:54,부산13:45,-,"예약하기
좌석선택
",-,"역발매중
","28,600원",-,-,"카페
","조회
",05:51,https://www.letskorail.com/ebizprd/EbizPrdTicketPr21111_i1.do?&txtGoAbrdDt=20250201&txtGoHour=065700&selGoYear=2025&selGoMonth=02&selGoDay=01&selGoHour=00&txtGoPage=2&txtGoStartCode=0001&txtGoStart=%EC%84%9C%EC%9A%B8&txtGoEndCode=0020&txtGoEnd=%EB%B6%80%EC%82%B0&selGoTrain=05&selGoRoom=&selGoRoom1=&txtGoTrnNo=&useSeatFlg=&useServiceFlg=&selGoSeat=&selGoService=&txtPnrNo=&hidRsvChgNo=&hidStlFlg=&radJobId=1&SeandYo=&hidRsvTpCd=03&selGoSeat1=015&selGoSeat2=&txtPsgCnt1=1&txtPsgCnt2=0&txtMenuId=11&txtPsgFlg_1=1&txtPsgFlg_2=0&txtPsgFlg_3=0&txtPsgFlg_4=0&txtPsgFlg_5=0&txtPsgFlg_8=0&chkCpn=N&txtSeatAttCd_4=015&txtSeatAttCd_3=000&txtSeatAttCd_2=000&txtGoStartCode2=&txtGoEndCode2=&hidDiscount=&hidEasyTalk=&adjcCheckYn=N
직통,KTX015,서울07:58,부산10:45,"예약하기
좌석선택
","예약하기
좌석선택
",-,"역발매중
","59,800원",-,-,"전동휠체어
","조회
",02:47,https://www.letskorail.com/ebizprd/EbizPrdTicketPr21111_i1.do?&txtGoAbrdDt=20250201&txtGoHour=065700&selGoYear=2025&selGoMonth=02&selGoDay=01&selGoHour=00&txtGoPage=2&txtGoStartCode=0001&txtGoStart=%EC%84%9C%EC%9A%B8&txtGoEndCode=0020&txtGoEnd=%EB%B6%80%EC%82%B0&selGoTrain=05&selGoRoom=&selGoRoom1=&txtGoTrnNo=&useSeatFlg=&useServiceFlg=&selGoSeat=&selGoService=&txtPnrNo=&hidRsvChgNo=&hidStlFlg=&radJobId=1&SeandYo=&hidRsvTpCd=03&selGoSeat1=015&selGoSeat2=&txtPsgCnt1=1&txtPsgCnt2=0&txtMenuId=11&txtPsgFlg_1=1&txtPsgFlg_2=0&txtPsgFlg_3=0&txtPsgFlg_4=0&txtPsgFlg_5=0&txtPsgFlg_8=0&chkCpn=N&txtSeatAttCd_4=015&txtSeatAttCd_3=000&txtSeatAttCd_2=000&txtGoStartCode2=&txtGoEndCode2=&hidDiscount=&hidEasyTalk=&adjcCheckYn=N
직통,KTX019,서울09:28,부산12:16,"좌석매진
","예약하기
좌석선택
",-,"역발매중
","59,800원",-,-,"KTX-산천 AType
전동휠체어
","조회
",02:48,https://www.letskorail.com/ebizprd/EbizPrdTicketPr21111_i1.do?&txtGoAbrdDt=20250201&txtGoHour=065700&selGoYear=2025&selGoMonth=02&selGoDay=01&selGoHour=00&txtGoPage=2&txtGoStartCode=0001&txtGoStart=%EC%84%9C%EC%9A%B8&txtGoEndCode=0020&txtGoEnd=%EB%B6%80%EC%82%B0&selGoTrain=05&selGoRoom=&selGoRoom1=&txtGoTrnNo=&useSeatFlg=&useServiceFlg=&selGoSeat=&selGoService=&txtPnrNo=&hidRsvChgNo=&hidStlFlg=&radJobId=1&SeandYo=&hidRsvTpCd=03&selGoSeat1=015&selGoSeat2=&txtPsgCnt1=1&txtPsgCnt2=0&txtMenuId=11&txtPsgFlg_1=1&txtPsgFlg_2=0&txtPsgFlg_3=0&txtPsgFlg_4=0&txtPsgFlg_5=0&txtPsgFlg_8=0&chkCpn=N&txtSeatAttCd_4=015&txtSeatAttCd_3=000&txtSeatAttCd_2=000&txtGoStartCode2=&txtGoEndCode2=&hidDiscount=&hidEasyTalk=&adjcCheckYn=N
직통,KTX101,서울09:33,부산12:52,"좌석매진
","예약하기
좌석선택
",-,"역발매중
","53,500원",-,"경부기존선 서대구, 구포역을 정차하는 KTX 입니다
소요시간과 운임의 차이가 있습니다
","전동휠체어
","조회
",03:19,https://www.letskorail.com/ebizprd/EbizPrdTicketPr21111_i1.do?&txtGoAbrdDt=20250201&txtGoHour=065700&selGoYear=2025&selGoMonth=02&selGoDay=01&selGoHour=00&txtGoPage=2&txtGoStartCode=0001&txtGoStart=%EC%84%9C%EC%9A%B8&txtGoEndCode=0020&txtGoEnd=%EB%B6%80%EC%82%B0&selGoTrain=05&selGoRoom=&selGoRoom1=&txtGoTrnNo=&useSeatFlg=&useServiceFlg=&selGoSeat=&selGoService=&txtPnrNo=&hidRsvChgNo=&hidStlFlg=&radJobId=1&SeandYo=&hidRsvTpCd=03&selGoSeat1=015&selGoSeat2=&txtPsgCnt1=1&txtPsgCnt2=0&txtMenuId=11&txtPsgFlg_1=1&txtPsgFlg_2=0&txtPsgFlg_3=0&txtPsgFlg_4=0&txtPsgFlg_5=0&txtPsgFlg_8=0&chkCpn=N&txtSeatAttCd_4=015&txtSeatAttCd_3=000&txtSeatAttCd_2=000&txtGoStartCode2=&txtGoEndCode2=&hidDiscount=&hidEasyTalk=&adjcCheckYn=N
직통,KTX163,서울10:18,부산13:31,"예약하기
좌석선택
","예약하기
좌석선택
",-,"역발매중
","53,500원",-,"경부기존선 서대구, 구포역을 정차하는 KTX 입니다
소요시간과 운임의 차이가 있습니다
","전동휠체어
","조회
",03:13,https://www.letskorail.com/ebizprd/EbizPrdTicketPr21111_i1.do?&txtGoAbrdDt=20250201&txtGoHour=065700&selGoYear=2025&selGoMonth=02&selGoDay=01&selGoHour=00&txtGoPage=2&txtGoStartCode=0001&txtGoStart=%EC%84%9C%EC%9A%B8&txtGoEndCode=0020&txtGoEnd=%EB%B6%80%EC%82%B0&selGoTrain=05&selGoRoom=&selGoRoom1=&txtGoTrnNo=&useSeatFlg=&useServiceFlg=&selGoSeat=&selGoService=&txtPnrNo=&hidRsvChgNo=&hidStlFlg=&radJobId=1&SeandYo=&hidRsvTpCd=03&selGoSeat1=015&selGoSeat2=&txtPsgCnt1=1&txtPsgCnt2=0&txtMenuId=11&txtPsgFlg_1=1&txtPsgFlg_2=0&txtPsgFlg_3=0&txtPsgFlg_4=0&txtPsgFlg_5=0&txtPsgFlg_8=0&chkCpn=N&txtSeatAttCd_4=015&txtSeatAttCd_3=000&txtSeatAttCd_2=000&txtGoStartCode2=&txtGoEndCode2=&hidDiscount=&hidEasyTalk=&adjcCheckYn=N
직통,새마을호1005,서울10:23,부산15:20,-,"예약하기
좌석선택
",-,"역발매중
","42,600원",-,-,"전동휠체어
","조회
",04:57,https://www.letskorail.com/ebizprd/EbizPrdTicketPr21111_i1.do?&txtGoAbrdDt=20250201&txtGoHour=065700&selGoYear=2025&selGoMonth=02&selGoDay=01&selGoHour=00&txtGoPage=2&txtGoStartCode=0001&txtGoStart=%EC%84%9C%EC%9A%B8&txtGoEndCode=0020&txtGoEnd=%EB%B6%80%EC%82%B0&selGoTrain=05&selGoRoom=&selGoRoom1=&txtGoTrnNo=&useSeatFlg=&useServiceFlg=&selGoSeat=&selGoService=&txtPnrNo=&hidRsvChgNo=&hidStlFlg=&radJobId=1&SeandYo=&hidRsvTpCd=03&selGoSeat1=015&selGoSeat2=&txtPsgCnt1=1&txtPsgCnt2=0&txtMenuId=11&txtPsgFlg_1=1&txtPsgFlg_2=0&txtPsgFlg_3=0&txtPsgFlg_4=0&txtPsgFlg_5=0&txtPsgFlg_8=0&chkCpn=N&txtSeatAttCd_4=015&txtSeatAttCd_3=000&txtSeatAttCd_2=000&txtGoStartCode2=&txtGoEndCode2=&hidDiscount=&hidEasyTalk=&adjcCheckYn=N
직통,새마을호1101,서울10:48,부산15:27,-,"예약하기
좌석선택
",-,"역발매중
","42,600원",-,-,"ITX-마음
전동휠체어
","조회
",04:39,https://www.letskorail.com/ebizprd/EbizPrdTicketPr21111_i1.do?&txtGoAbrdDt=20250201&txtGoHour=084900&selGoYear=2025&selGoMonth=02&selGoDay=01&selGoHour=00&txtGoPage=2&txtGoStartCode=0001&txtGoStart=%EC%84%9C%EC%9A%B8&txtGoEndCode=0020&txtGoEnd=%EB%B6%80%EC%82%B0&selGoTrain=05&selGoRoom=&selGoRoom1=&txtGoTrnNo=&useSeatFlg=&useServiceFlg=&selGoSeat=&selGoService=&txtPnrNo=&hidRsvChgNo=&hidStlFlg=&radJobId=1&SeandYo=&hidRsvTpCd=03&selGoSeat1=015&selGoSeat2=&txtPsgCnt1=1&txtPsgCnt2=0&txtMenuId=11&txtPsgFlg_1=1&txtPsgFlg_2=0&txtPsgFlg_3=0&txtPsgFlg_4=0&txtPsgFlg_5=0&txtPsgFlg_8=0&chkCpn=N&txtSeatAttCd_4=015&txtSeatAttCd_3=000&txtSeatAttCd_2=000&txtGoStartCode2=&txtGoEndCode2=&hidDiscount=&hidEasyTalk=&adjcCheckYn=N
직통,KTX173,서울11:31,부산14:49,"예약하기
좌석선택
","예약하기
좌석선택
",-,"역발매중
","48,800원",-,"경부기존선 수원역을 정차하는 KTX 입니다
소요시간과 운임의 차이가 있습니다
","전동휠체어
","조회
",03:18,https://www.letskorail.com/ebizprd/EbizPrdTicketPr21111_i1.do?&txtGoAbrdDt=20250201&txtGoHour=084900&selGoYear=2025&selGoMonth=02&selGoDay=01&selGoHour=00&txtGoPage=2&txtGoStartCode=0001&txtGoStart=%EC%84%9C%EC%9A%B8&txtGoEndCode=0020&txtGoEnd=%EB%B6%80%EC%82%B0&selGoTrain=05&selGoRoom=&selGoRoom1=&txtGoTrnNo=&useSeatFlg=&useServiceFlg=&selGoSeat=&selGoService=&txtPnrNo=&hidRsvChgNo=&hidStlFlg=&radJobId=1&SeandYo=&hidRsvTpCd=03&selGoSeat1=015&selGoSeat2=&txtPsgCnt1=1&txtPsgCnt2=0&txtMenuId=11&txtPsgFlg_1=1&txtPsgFlg_2=0&txtPsgFlg_3=0&txtPsgFlg_4=0&txtPsgFlg_5=0&txtPsgFlg_8=0&chkCpn=N&txtSeatAttCd_4=015&txtSeatAttCd_3=000&txtSeatAttCd_2=000&txtGoStartCode2=&txtGoEndCode2=&hidDiscount=&hidEasyTalk=&adjcCheckYn=N
직통,KTX027,서울11:58,부산14:41,"좌석매진
","예약하기
좌석선택
",-,"역발매중
","59,800원",-,-,"전동휠체어
","조회
",02:43,https://www.letskorail.com/ebizprd/EbizPrdTicketPr21111_i1.do?&txtGoAbrdDt=20250201&txtGoHour=084900&selGoYear=2025&selGoMonth=02&selGoDay=01&selGoHour=00&txtGoPage=2&txtGoStartCode=0001&txtGoStart=%EC%84%9C%EC%9A%B8&txtGoEndCode=0020&txtGoEnd=%EB%B6%80%EC%82%B0&selGoTrain=05&selGoRoom=&selGoRoom1=&txtGoTrnNo=&useSeatFlg=&useServiceFlg=&selGoSeat=&selGoService=&txtPnrNo=&hidRsvChgNo=&hidStlFlg=&radJobId=1&SeandYo=&hidRsvTpCd=03&selGoSeat1=015&selGoSeat2=&txtPsgCnt1=1&txtPsgCnt2=0&txtMenuId=11&txtPsgFlg_1=1&txtPsgFlg_2=0&txtPsgFlg_3=0&txtPsgFlg_4=0&txtPsgFlg_5=0&txtPsgFlg_8=0&chkCpn=N&txtSeatAttCd_4=015&txtSeatAttCd_3=000&txtSeatAttCd_2=000&txtGoStartCode2=&txtGoEndCode2=&hidDiscount=&hidEasyTalk=&adjcCheckYn=N
직통,새마을호1107,서울12:02,부산16:48,-,"예약하기
좌석선택
",-,"역발매중
","42,600원",-,-,"ITX-마음
전동휠체어
","조회
",04:46,https://www.letskorail.com/ebizprd/EbizPrdTicketPr21111_i1.do?&txtGoAbrdDt=20250201&txtGoHour=084900&selGoYear=2025&selGoMonth=02&selGoDay=01&selGoHour=00&txtGoPage=2&txtGoStartCode=0001&txtGoStart=%EC%84%9C%EC%9A%B8&txtGoEndCode=0020&txtGoEnd=%EB%B6%80%EC%82%B0&selGoTrain=05&selGoRoom=&selGoRoom1=&txtGoTrnNo=&useSeatFlg=&useServiceFlg=&selGoSeat=&selGoService=&txtPnrNo=&hidRsvChgNo=&hidStlFlg=&radJobId=1&SeandYo=&hidRsvTpCd=03&selGoSeat1=015&selGoSeat2=&txtPsgCnt1=1&txtPsgCnt2=0&txtMenuId=11&txtPsgFlg_1=1&txtPsgFlg_2=0&txtPsgFlg_3=0&txtPsgFlg_4=0&txtPsgFlg_5=0&txtPsgFlg_8=0&chkCpn=N&txtSeatAttCd_4=015&txtSeatAttCd_3=000&txtSeatAttCd_2=000&txtGoStartCode2=&txtGoEndCode2=&hidDiscount=&hidEasyTalk=&adjcCheckYn=N
직통,새마을호1007,서울12:21,부산17:25,-,"예약하기
좌석선택
",-,"역발매중
","42,600원",-,-,"전동휠체어
","조회
",05:04,https://www.letskorail.com/ebizprd/EbizPrdTicketPr21111_i1.do?&txtGoAbrdDt=20250201&txtGoHour=084900&selGoYear=2025&selGoMonth=02&selGoDay=01&selGoHour=00&txtGoPage=2&txtGoStartCode=0001&txtGoStart=%EC%84%9C%EC%9A%B8&txtGoEndCode=0020&txtGoEnd=%EB%B6%80%EC%82%B0&selGoTrain=05&selGoRoom=&selGoRoom1=&txtGoTrnNo=&useSeatFlg=&useServiceFlg=&selGoSeat=&selGoService=&txtPnrNo=&hidRsvChgNo=&hidStlFlg=&radJobId=1&SeandYo=&hidRsvTpCd=03&selGoSeat1=015&selGoSeat2=&txtPsgCnt1=1&txtPsgCnt2=0&txtMenuId=11&txtPsgFlg_1=1&txtPsgFlg_2=0&txtPsgFlg_3=0&txtPsgFlg_4=0&txtPsgFlg_5=0&txtPsgFlg_8=0&chkCpn=N&txtSeatAttCd_4=015&txtSeatAttCd_3=000&txtSeatAttCd_2=000&txtGoStartCode2=&txtGoEndCode2=&hidDiscount=&hidEasyTalk=&adjcCheckYn=N
직통,KTX029,서울12:25,부산15:06,"예약하기
좌석선택
","예약하기
좌석선택
",-,"역발매중
","59,800원",-,-,"전동휠체어
","조회
",02:41,https://www.letskorail.com/ebizprd/EbizPrdTicketPr21111_i1.do?&txtGoAbrdDt=20250201&txtGoHour=084900&selGoYear=2025&selGoMonth=02&selGoDay=01&selGoHour=00&txtGoPage=2&txtGoStartCode=0001&txtGoStart=%EC%84%9C%EC%9A%B8&txtGoEndCode=0020&txtGoEnd=%EB%B6%80%EC%82%B0&selGoTrain=05&selGoRoom=&selGoRoom1=&txtGoTrnNo=&useSeatFlg=&useServiceFlg=&selGoSeat=&selGoService=&txtPnrNo=&hidRsvChgNo=&hidStlFlg=&radJobId=1&SeandYo=&hidRsvTpCd=03&selGoSeat1=015&selGoSeat2=&txtPsgCnt1=1&txtPsgCnt2=0&txtMenuId=11&txtPsgFlg_1=1&txtPsgFlg_2=0&txtPsgFlg_3=0&txtPsgFlg_4=0&txtPsgFlg_5=0&txtPsgFlg_8=0&chkCpn=N&txtSeatAttCd_4=015&txtSeatAttCd_3=000&txtSeatAttCd_2=000&txtGoStartCode2=&txtGoEndCode2=&hidDiscount=&hidEasyTalk=&adjcCheckYn=N
직통,KTX031,서울12:58,부산15:43,"예약하기
좌석선택
","예약하기
좌석선택
",-,"역발매중
","59,800원",-,-,"KTX-산천 BType
전동휠체어
","조회
",02:45,https://www.letskorail.com/ebizprd/EbizPrdTicketPr21111_i1.do?&txtGoAbrdDt=20250201&txtGoHour=084900&selGoYear=2025&selGoMonth=02&selGoDay=01&selGoHour=00&txtGoPage=2&txtGoStartCode=0001&txtGoStart=%EC%84%9C%EC%9A%B8&txtGoEndCode=0020&txtGoEnd=%EB%B6%80%EC%82%B0&selGoTrain=05&selGoRoom=&selGoRoom1=&txtGoTrnNo=&useSeatFlg=&useServiceFlg=&selGoSeat=&selGoService=&txtPnrNo=&hidRsvChgNo=&hidStlFlg=&radJobId=1&SeandYo=&hidRsvTpCd=03&selGoSeat1=015&selGoSeat2=&txtPsgCnt1=1&txtPsgCnt2=0&txtMenuId=11&txtPsgFlg_1=1&txtPsgFlg_2=0&txtPsgFlg_3=0&txtPsgFlg_4=0&txtPsgFlg_5=0&txtPsgFlg_8=0&chkCpn=N&txtSeatAttCd_4=015&txtSeatAttCd_3=000&txtSeatAttCd_2=000&txtGoStartCode2=&txtGoEndCode2=&hidDiscount=&hidEasyTalk=&adjcCheckYn=N
직통,무궁화호1309,서울13:04,부산18:59,-,"예약하기
좌석선택
",-,"역발매중
","28,600원",-,-,,"조회
",05:55,https://www.letskorail.com/ebizprd/EbizPrdTicketPr21111_i1.do?&txtGoAbrdDt=20250201&txtGoHour=084900&selGoYear=2025&selGoMonth=02&selGoDay=01&selGoHour=00&txtGoPage=2&txtGoStartCode=0001&txtGoStart=%EC%84%9C%EC%9A%B8&txtGoEndCode=0020&txtGoEnd=%EB%B6%80%EC%82%B0&selGoTrain=05&selGoRoom=&selGoRoom1=&txtGoTrnNo=&useSeatFlg=&useServiceFlg=&selGoSeat=&selGoService=&txtPnrNo=&hidRsvChgNo=&hidStlFlg=&radJobId=1&SeandYo=&hidRsvTpCd=03&selGoSeat1=015&selGoSeat2=&txtPsgCnt1=1&txtPsgCnt2=0&txtMenuId=11&txtPsgFlg_1=1&txtPsgFlg_2=0&txtPsgFlg_3=0&txtPsgFlg_4=0&txtPsgFlg_5=0&txtPsgFlg_8=0&chkCpn=N&txtSeatAttCd_4=015&txtSeatAttCd_3=000&txtSeatAttCd_2=000&txtGoStartCode2=&txtGoEndCode2=&hidDiscount=&hidEasyTalk=&adjcCheckYn=N
